city,habitat
AUTX,0.594677996
DECO,0.38810085
FOCO,0.435124862
ICIA,0.313906979
ININ,0.285242965
MAKS,0.62506968
CHIL,0.180785676
MAWI,0.2359056
OCCA,0.41867794
WIDE,0.511237
